<?xml version="1.0" encoding="UTF-8"?>
<project-private xmlns="http://www.netbeans.org/ns/project-private/1">
    <editor-bookmarks xmlns="http://www.netbeans.org/ns/editor-bookmarks/2" lastBookmarkId="0"/>
    <open-files xmlns="http://www.netbeans.org/ns/projectui-open-files/2">
        <group>
            <file>file:/C:/Users/soled/OneDrive/Documentos/NetBeansProjects/Final_ALEDII_25%201%20(1)/Final_ALEDII_25/src/final_aled2_25/config/DB.java</file>
            <file>file:/C:/Users/soled/OneDrive/Documentos/NetBeansProjects/Final_ALEDII_25%201%20(1)/Final_ALEDII_25/src/final_aled2_25/model/entity/Repuesto.java</file>
            <file>file:/C:/Users/soled/OneDrive/Documentos/NetBeansProjects/Final_ALEDII_25%201%20(1)/Final_ALEDII_25/src/final_aled2_25/model/entity/Usuario.java</file>
            <file>file:/C:/Users/soled/OneDrive/Documentos/NetBeansProjects/Final_ALEDII_25%201%20(1)/Final_ALEDII_25/src/final_aled2_25/model/entity/Rol.java</file>
            <file>file:/C:/Users/soled/OneDrive/Documentos/NetBeansProjects/Final_ALEDII_25%201%20(1)/Final_ALEDII_25/src/final_aled2_25/view/LoginView.java</file>
            <file>file:/C:/Users/soled/OneDrive/Documentos/NetBeansProjects/Final_ALEDII_25%201%20(1)/Final_ALEDII_25/src/final_aled2_25/view/MecanicaView.java</file>
            <file>file:/C:/Users/soled/OneDrive/Documentos/NetBeansProjects/Final_ALEDII_25%201%20(1)/Final_ALEDII_25/src/final_aled2_25/view/MenuView.java</file>
            <file>file:/C:/Users/soled/OneDrive/Documentos/NetBeansProjects/Final_ALEDII_25%201%20(1)/Final_ALEDII_25/src/final_aled2_25/view/PresupuestosView.java</file>
            <file>file:/C:/Users/soled/OneDrive/Documentos/NetBeansProjects/Final_ALEDII_25%201%20(1)/Final_ALEDII_25/src/final_aled2_25/view/VehiculosView.java</file>
        </group>
    </open-files>
</project-private>
